{"cameraMode":{"drawMode":0,"name":"Shaded","section":"Shading Mode"},"sceneLighting":false,"audioPlay":false,"sceneViewState":{"showFog":true,"showMaterialUpdate":true,"showSkybox":true,"showFlares":true,"showImageEffects":true,"showParticleSystems":true},"in2DMode":false,"pivot":{"x":-0.12952512502670289,"y":0.6716859936714172,"z":0.07899865508079529},"rotation":{"x":-0.061034876853227618,"y":-0.8503798246383667,"z":0.10407040268182755,"w":-0.5127263069152832},"size":0.6685107946395874,"orthographic":false}