{"cameraMode":{"drawMode":0,"name":"Shaded","section":"Shading Mode"},"sceneLighting":false,"audioPlay":false,"sceneViewState":{"showFog":true,"showMaterialUpdate":true,"showSkybox":true,"showFlares":true,"showImageEffects":true,"showParticleSystems":true},"in2DMode":false,"pivot":{"x":0.04414592310786247,"y":-0.012085768394172192,"z":0.017941489815711976},"rotation":{"x":0.06340643763542175,"y":-0.13267676532268525,"z":0.007766151335090399,"w":0.9894453287124634},"size":0.16848859190940858,"orthographic":false}