{"cameraMode":{"drawMode":0,"name":"Shaded","section":"Shading Mode"},"sceneLighting":false,"audioPlay":false,"sceneViewState":{"showFog":true,"showMaterialUpdate":true,"showSkybox":true,"showFlares":true,"showImageEffects":true,"showParticleSystems":true},"in2DMode":false,"pivot":{"x":-0.6660000085830689,"y":-2.058000087738037,"z":3.8399999141693117},"rotation":{"x":-0.13451749086380006,"y":0.03269409388303757,"z":0.004440175369381905,"w":0.9903649091720581},"size":0.7859182357788086,"orthographic":false}