{"cameraMode":{"drawMode":0,"name":"Shaded","section":"Shading Mode"},"sceneLighting":false,"audioPlay":false,"sceneViewState":{"showFog":false,"showMaterialUpdate":false,"showSkybox":false,"showFlares":false,"showImageEffects":false,"showParticleSystems":false},"in2DMode":false,"pivot":{"x":0.21531713008880616,"y":-1.182966709136963,"z":1.86258864402771},"rotation":{"x":0.16868138313293458,"y":-0.010633327066898346,"z":0.001817219890654087,"w":0.985620379447937},"size":1.4420804977416993,"orthographic":false}