{"cameraMode":{"drawMode":0,"name":"Shaded","section":"Shading Mode"},"sceneLighting":false,"audioPlay":false,"sceneViewState":{"showFog":false,"showMaterialUpdate":false,"showSkybox":false,"showFlares":false,"showImageEffects":false,"showParticleSystems":false},"in2DMode":false,"pivot":{"x":0.000504910945892334,"y":0.8655647039413452,"z":-0.013773322105407715},"rotation":{"x":-0.045978888869285586,"y":0.9351860880851746,"z":-0.13216939568519593,"w":-0.3253442943096161},"size":4.432596683502197,"orthographic":false}