{"cameraMode":{"drawMode":0,"name":"Shaded","section":"Shading Mode"},"sceneLighting":false,"audioPlay":false,"sceneViewState":{"showFog":true,"showMaterialUpdate":true,"showSkybox":true,"showFlares":true,"showImageEffects":true,"showParticleSystems":true},"in2DMode":false,"pivot":{"x":-0.10814541578292847,"y":0.4473765790462494,"z":-0.049515724182128909},"rotation":{"x":-0.04664045199751854,"y":-0.9110596179962158,"z":0.1112680733203888,"w":-0.39497533440589907},"size":0.9685108065605164,"orthographic":false}