{"cameraMode":{"drawMode":0,"name":"Shaded","section":"Shading Mode"},"sceneLighting":true,"audioPlay":false,"sceneViewState":{"showFog":true,"showMaterialUpdate":true,"showSkybox":true,"showFlares":true,"showImageEffects":true,"showParticleSystems":true},"in2DMode":false,"pivot":{"x":-0.041468046605587009,"y":0.21660616993904115,"z":-0.3513985276222229},"rotation":{"x":0.07044047862291336,"y":-0.005984831135720015,"z":0.0004232419014442712,"w":0.9974997043609619},"size":0.8258499503135681,"orthographic":false}