{"cameraMode":{"drawMode":0,"name":"Shaded","section":"Shading Mode"},"sceneLighting":false,"audioPlay":false,"sceneViewState":{"showFog":true,"showMaterialUpdate":true,"showSkybox":true,"showFlares":true,"showImageEffects":true,"showParticleSystems":true},"in2DMode":false,"pivot":{"x":2.8724241256713869,"y":-1.1353826522827149,"z":-0.5924515724182129},"rotation":{"x":-0.10089050978422165,"y":0.19006313383579255,"z":-0.019499769434332849,"w":-0.9767938852310181},"size":4.192010879516602,"orthographic":false}