{"cameraMode":{"drawMode":0,"name":"Shaded","section":"Shading Mode"},"sceneLighting":false,"audioPlay":false,"sceneViewState":{"showFog":true,"showMaterialUpdate":true,"showSkybox":true,"showFlares":true,"showImageEffects":true,"showParticleSystems":true},"in2DMode":false,"pivot":{"x":-1.3450570106506348,"y":-0.8697649836540222,"z":-0.07919454574584961},"rotation":{"x":-0.12930910289287568,"y":-0.11487817019224167,"z":0.014721615239977837,"w":-0.984917938709259},"size":6.529892921447754,"orthographic":false}