{"cameraMode":{"drawMode":0,"name":"Shaded","section":"Shading Mode"},"sceneLighting":false,"audioPlay":false,"sceneViewState":{"showFog":true,"showMaterialUpdate":true,"showSkybox":true,"showFlares":true,"showImageEffects":true,"showParticleSystems":true},"in2DMode":false,"pivot":{"x":0.00040853023529052734,"y":-0.6899404525756836,"z":-0.008852601051330567},"rotation":{"x":0.049833785742521289,"y":-0.1045626699924469,"z":-0.005177104379981756,"w":-0.9936605095863342},"size":4.053403854370117,"orthographic":false}