{"cameraMode":{"drawMode":0,"name":"Shaded","section":"Shading Mode"},"sceneLighting":false,"audioPlay":false,"sceneViewState":{"showFog":true,"showMaterialUpdate":true,"showSkybox":true,"showFlares":true,"showImageEffects":true,"showParticleSystems":true},"in2DMode":false,"pivot":{"x":0.00040853023529052734,"y":-0.6899404525756836,"z":-0.008852601051330567},"rotation":{"x":-0.014222797937691212,"y":-0.11616475880146027,"z":0.0023730562534183265,"w":-0.9934329986572266},"size":4.053403854370117,"orthographic":false}