{"cameraMode":{"drawMode":0,"name":"Shaded","section":"Shading Mode"},"sceneLighting":false,"audioPlay":false,"sceneViewState":{"showFog":false,"showMaterialUpdate":false,"showSkybox":false,"showFlares":false,"showImageEffects":false,"showParticleSystems":false},"in2DMode":false,"pivot":{"x":0.35187196731567385,"y":1.0518075227737427,"z":-0.1430976390838623},"rotation":{"x":0.014843976125121117,"y":-0.9822845458984375,"z":0.08864492177963257,"w":0.16447022557258607},"size":2.18668532371521,"orthographic":false}