{"cameraMode":{"drawMode":0,"name":"Shaded","section":"Shading Mode"},"sceneLighting":false,"audioPlay":false,"sceneViewState":{"showFog":false,"showMaterialUpdate":false,"showSkybox":false,"showFlares":false,"showImageEffects":false,"showParticleSystems":false},"in2DMode":false,"pivot":{"x":0.13252496719360352,"y":0.4447357654571533,"z":2.8182897567749025},"rotation":{"x":0.1508752852678299,"y":-0.2699905335903168,"z":0.04287884011864662,"w":0.9500043988227844},"size":5.601831436157227,"orthographic":false}