{"cameraMode":{"drawMode":0,"name":"Shaded","section":"Shading Mode"},"sceneLighting":false,"audioPlay":false,"sceneViewState":{"showFog":false,"showMaterialUpdate":false,"showSkybox":false,"showFlares":false,"showImageEffects":false,"showParticleSystems":false},"in2DMode":false,"pivot":{"x":-0.18127280473709107,"y":-0.20394207537174226,"z":1.4205893278121949},"rotation":{"x":-0.04927742853760719,"y":-0.8969606757164002,"z":0.10351568460464478,"w":-0.42698875069618227},"size":1.0436534881591797,"orthographic":false}