{"cameraMode":{"drawMode":0,"name":"Shaded","section":"Shading Mode"},"sceneLighting":false,"audioPlay":false,"sceneViewState":{"showFog":true,"showMaterialUpdate":false,"showSkybox":true,"showFlares":true,"showImageEffects":true,"showParticleSystems":true},"in2DMode":false,"pivot":{"x":8.35373592376709,"y":1.7965960502624512,"z":6.4884033203125},"rotation":{"x":-0.0902172327041626,"y":-0.11372335255146027,"z":0.010137646459043026,"w":-0.989457905292511},"size":2.8578836917877199,"orthographic":false}