{"cameraMode":{"drawMode":0,"name":"Shaded","section":"Shading Mode"},"sceneLighting":false,"audioPlay":false,"sceneViewState":{"showFog":true,"showMaterialUpdate":false,"showSkybox":true,"showFlares":true,"showImageEffects":true,"showParticleSystems":true},"in2DMode":false,"pivot":{"x":-0.25390252470970156,"y":0.1707574725151062,"z":-0.16165807843208314},"rotation":{"x":-0.03648296371102333,"y":0.07794993370771408,"z":0.002860170090571046,"w":0.9963147044181824},"size":0.31940990686416628,"orthographic":false}