{"cameraMode":{"drawMode":0,"name":"Shaded","section":"Shading Mode"},"sceneLighting":false,"audioPlay":false,"sceneViewState":{"showFog":true,"showMaterialUpdate":false,"showSkybox":true,"showFlares":true,"showImageEffects":true,"showParticleSystems":true},"in2DMode":false,"pivot":{"x":0.39191198348999026,"y":5.534229278564453,"z":13.579168319702149},"rotation":{"x":0.07458938658237457,"y":-0.09560245275497437,"z":0.007175309583544731,"w":0.9926365613937378},"size":2.8578836917877199,"orthographic":false}