{"cameraMode":{"drawMode":0,"name":"Shaded","section":"Shading Mode"},"sceneLighting":false,"audioPlay":false,"sceneViewState":{"showFog":true,"showMaterialUpdate":false,"showSkybox":true,"showFlares":true,"showImageEffects":true,"showParticleSystems":true},"in2DMode":false,"pivot":{"x":-5.728988170623779,"y":-0.16332632303237916,"z":-6.948099136352539},"rotation":{"x":0.09083408862352371,"y":-0.1913500726222992,"z":0.0194307342171669,"w":0.9773427844047546},"size":0.9876553416252136,"orthographic":false}