{"cameraMode":{"drawMode":0,"name":"Shaded","section":"Shading Mode"},"sceneLighting":false,"audioPlay":false,"sceneViewState":{"showFog":true,"showMaterialUpdate":false,"showSkybox":true,"showFlares":true,"showImageEffects":true,"showParticleSystems":true},"in2DMode":false,"pivot":{"x":-0.19899997115135194,"y":0.07026898860931397,"z":0.0},"rotation":{"x":-0.01560116931796074,"y":0.0009481566958129406,"z":0.000018710636140895076,"w":0.9999247193336487},"size":1.0774831771850587,"orthographic":false}