{"cameraMode":{"drawMode":0,"name":"Shaded","section":"Shading Mode"},"sceneLighting":false,"audioPlay":false,"sceneViewState":{"showFog":true,"showMaterialUpdate":false,"showSkybox":true,"showFlares":true,"showImageEffects":true,"showParticleSystems":true},"in2DMode":false,"pivot":{"x":0.02541828155517578,"y":-0.23302268981933595,"z":0.9854531288146973},"rotation":{"x":-0.09741384536027909,"y":-0.9001479148864746,"z":0.26313596963882449,"w":-0.33325645327568056},"size":11.438962936401368,"orthographic":false}