{"cameraMode":{"drawMode":0,"name":"Shaded","section":"Shading Mode"},"sceneLighting":false,"audioPlay":false,"sceneViewState":{"showFog":true,"showMaterialUpdate":false,"showSkybox":true,"showFlares":true,"showImageEffects":true,"showParticleSystems":true},"in2DMode":false,"pivot":{"x":-0.7647609114646912,"y":0.6219059228897095,"z":-0.6740670204162598},"rotation":{"x":0.08095947653055191,"y":0.43885836005210879,"z":-0.03974556177854538,"w":0.8940486907958984},"size":0.8366524577140808,"orthographic":false}