{"cameraMode":{"drawMode":0,"name":"Shaded","section":"Shading Mode"},"sceneLighting":false,"audioPlay":false,"sceneViewState":{"showFog":true,"showMaterialUpdate":false,"showSkybox":true,"showFlares":true,"showImageEffects":true,"showParticleSystems":true},"in2DMode":false,"pivot":{"x":645.2027587890625,"y":360.9114685058594,"z":-6.601830005645752},"rotation":{"x":0.6508658528327942,"y":-0.06554064154624939,"z":0.05689122527837753,"w":0.7543663382530212},"size":1.2201532125473023,"orthographic":false}