{"cameraMode":{"drawMode":0,"name":"Shaded","section":"Shading Mode"},"sceneLighting":false,"audioPlay":false,"sceneViewState":{"showFog":true,"showMaterialUpdate":false,"showSkybox":true,"showFlares":true,"showImageEffects":true,"showParticleSystems":true},"in2DMode":false,"pivot":{"x":3.0112643241882326,"y":2.669275999069214,"z":-1.107710838317871},"rotation":{"x":-0.12847879528999329,"y":-0.05056861788034439,"z":-0.006561875343322754,"w":0.9904389381408691},"size":2.8578836917877199,"orthographic":false}