{"cameraMode":{"drawMode":0,"name":"Shaded","section":"Shading Mode"},"sceneLighting":false,"audioPlay":false,"sceneViewState":{"showFog":true,"showMaterialUpdate":false,"showSkybox":true,"showFlares":true,"showImageEffects":true,"showParticleSystems":true},"in2DMode":false,"pivot":{"x":-4.458163738250732,"y":18.718626022338868,"z":-0.29724884033203127},"rotation":{"x":-0.029351118952035905,"y":-0.2652590572834015,"z":-0.006460100412368774,"w":0.9639376401901245},"size":7.642632007598877,"orthographic":false}