{"cameraMode":{"drawMode":0,"name":"Shaded","section":"Shading Mode"},"sceneLighting":false,"audioPlay":false,"sceneViewState":{"showFog":true,"showMaterialUpdate":false,"showSkybox":true,"showFlares":true,"showImageEffects":true,"showParticleSystems":true},"in2DMode":false,"pivot":{"x":-6.327600002288818,"y":-0.23600001633167268,"z":-6.746910572052002},"rotation":{"x":0.09144647419452667,"y":0.29843977093696597,"z":-0.028733087703585626,"w":0.949614942073822},"size":1.6752285957336426,"orthographic":false}