{"cameraMode":{"drawMode":0,"name":"Shaded","section":"Shading Mode"},"sceneLighting":false,"audioPlay":false,"sceneViewState":{"showFog":true,"showMaterialUpdate":false,"showSkybox":true,"showFlares":true,"showImageEffects":true,"showParticleSystems":true},"in2DMode":false,"pivot":{"x":-30.764923095703126,"y":3.2578625679016115,"z":-74.31388854980469},"rotation":{"x":0.004910767078399658,"y":-0.7022174000740051,"z":0.004844700451940298,"w":0.7119701504707336},"size":4.691412925720215,"orthographic":false}