{"cameraMode":{"drawMode":0,"name":"Shaded","section":"Shading Mode"},"sceneLighting":false,"audioPlay":false,"sceneViewState":{"showFog":true,"showMaterialUpdate":false,"showSkybox":true,"showFlares":true,"showImageEffects":true,"showParticleSystems":true},"in2DMode":false,"pivot":{"x":-3.223135471343994,"y":-2.693718433380127,"z":-5.3547515869140629},"rotation":{"x":0.004027496557682753,"y":-0.9824514985084534,"z":0.02152343839406967,"w":0.1854936182498932},"size":5.822634220123291,"orthographic":false}