{"cameraMode":{"drawMode":0,"name":"Shaded","section":"Shading Mode"},"sceneLighting":false,"audioPlay":false,"sceneViewState":{"showFog":true,"showMaterialUpdate":false,"showSkybox":true,"showFlares":true,"showImageEffects":true,"showParticleSystems":true},"in2DMode":false,"pivot":{"x":-1.769277572631836,"y":1.977565050125122,"z":-3.227235794067383},"rotation":{"x":0.010777532123029232,"y":0.2391178160905838,"z":0.0026615383103489877,"w":-0.9709585309028626},"size":21.7419376373291,"orthographic":false}