{"cameraMode":{"drawMode":0,"name":"Shaded","section":"Shading Mode"},"sceneLighting":false,"audioPlay":false,"sceneViewState":{"showFog":true,"showMaterialUpdate":false,"showSkybox":true,"showFlares":true,"showImageEffects":true,"showParticleSystems":true},"in2DMode":false,"pivot":{"x":0.3025362193584442,"y":0.025288023054599763,"z":0.24477171897888184},"rotation":{"x":0.013891050592064858,"y":-0.9824619293212891,"z":0.0815427228808403,"w":0.1672411859035492},"size":0.6768964529037476,"orthographic":false}