{"cameraMode":{"drawMode":0,"name":"Shaded","section":"Shading Mode"},"sceneLighting":false,"audioPlay":false,"sceneViewState":{"showFog":true,"showMaterialUpdate":false,"showSkybox":true,"showFlares":true,"showImageEffects":true,"showParticleSystems":true},"in2DMode":false,"pivot":{"x":-0.26393377780914309,"y":1.0673961639404297,"z":0.0},"rotation":{"x":0.002742583164945245,"y":0.9807548522949219,"z":0.012301922775804997,"w":-0.1953122317790985},"size":18.119421005249025,"orthographic":false}