{"cameraMode":{"drawMode":0,"name":"Shaded","section":"Shading Mode"},"sceneLighting":false,"audioPlay":false,"sceneViewState":{"showFog":true,"showMaterialUpdate":false,"showSkybox":true,"showFlares":true,"showImageEffects":true,"showParticleSystems":true},"in2DMode":false,"pivot":{"x":4.037693500518799,"y":2.077770948410034,"z":6.842796325683594},"rotation":{"x":-0.0902172327041626,"y":-0.11372335255146027,"z":0.010137646459043026,"w":-0.989457905292511},"size":2.611470937728882,"orthographic":false}