{"cameraMode":{"drawMode":0,"name":"Shaded","section":"Shading Mode"},"sceneLighting":false,"audioPlay":false,"sceneViewState":{"showFog":true,"showMaterialUpdate":false,"showSkybox":true,"showFlares":true,"showImageEffects":true,"showParticleSystems":true},"in2DMode":false,"pivot":{"x":-4.0019097328186039,"y":-0.03700336813926697,"z":-6.524420261383057},"rotation":{"x":0.06790024787187576,"y":0.8340704441070557,"z":-0.10221995413303375,"w":0.5382500886917114},"size":1.2781717777252198,"orthographic":false}