{"cameraMode":{"drawMode":0,"name":"Shaded","section":"Shading Mode"},"sceneLighting":false,"audioPlay":false,"sceneViewState":{"showFog":true,"showMaterialUpdate":false,"showSkybox":true,"showFlares":true,"showImageEffects":true,"showParticleSystems":true},"in2DMode":false,"pivot":{"x":-3.172323226928711,"y":2.7335152626037599,"z":-9.710442543029786},"rotation":{"x":0.08479896187782288,"y":0.11779334396123886,"z":-0.01009206473827362,"w":0.9893723130226135},"size":0.6658428907394409,"orthographic":false}