{"cameraMode":{"drawMode":0,"name":"Shaded","section":"Shading Mode"},"sceneLighting":false,"audioPlay":false,"sceneViewState":{"showFog":true,"showMaterialUpdate":false,"showSkybox":true,"showFlares":true,"showImageEffects":true,"showParticleSystems":true},"in2DMode":false,"pivot":{"x":0.27033424377441409,"y":-0.11705084890127182,"z":-0.11919403076171875},"rotation":{"x":-0.047786910086870196,"y":-0.8678560256958008,"z":-0.0848272368311882,"w":0.487449049949646},"size":0.6589137315750122,"orthographic":false}