{"cameraMode":{"drawMode":0,"name":"Shaded","section":"Shading Mode"},"sceneLighting":false,"audioPlay":false,"sceneViewState":{"showFog":true,"showMaterialUpdate":false,"showSkybox":true,"showFlares":true,"showImageEffects":true,"showParticleSystems":true},"in2DMode":false,"pivot":{"x":-0.09955722093582154,"y":-0.12318510562181473,"z":-1.136173963546753},"rotation":{"x":0.07148230820894242,"y":-0.21025021374225617,"z":-0.015414166264235974,"w":-0.9749216437339783},"size":0.8231036067008972,"orthographic":false}