{"cameraMode":{"drawMode":0,"name":"Shaded","section":"Shading Mode"},"sceneLighting":false,"audioPlay":false,"sceneViewState":{"showFog":true,"showMaterialUpdate":false,"showSkybox":true,"showFlares":true,"showImageEffects":true,"showParticleSystems":true},"in2DMode":false,"pivot":{"x":0.04279828444123268,"y":-0.5799999237060547,"z":-3.059999942779541},"rotation":{"x":-0.0005193602992221713,"y":-0.9996067881584168,"z":-0.026095138862729074,"w":0.015058138407766819},"size":3.3020620346069338,"orthographic":false}