{"cameraMode":{"drawMode":0,"name":"Shaded","section":"Shading Mode"},"sceneLighting":false,"audioPlay":false,"sceneViewState":{"showFog":true,"showMaterialUpdate":false,"showSkybox":true,"showFlares":true,"showImageEffects":true,"showParticleSystems":true},"in2DMode":false,"pivot":{"x":0.4257005751132965,"y":0.48137277364730837,"z":-0.6573159694671631},"rotation":{"x":-0.16150407493114472,"y":-0.33816590905189516,"z":0.05902579426765442,"w":-0.9252513647079468},"size":0.5979374647140503,"orthographic":false}