{"cameraMode":{"drawMode":0,"name":"Shaded","section":"Shading Mode"},"sceneLighting":false,"audioPlay":false,"sceneViewState":{"showFog":true,"showMaterialUpdate":false,"showSkybox":true,"showFlares":true,"showImageEffects":true,"showParticleSystems":true},"in2DMode":false,"pivot":{"x":-0.9768415093421936,"y":-0.23476850986480714,"z":0.4223644733428955},"rotation":{"x":-0.1570643037557602,"y":0.1918448954820633,"z":-0.0311192087829113,"w":-0.9682756662368774},"size":3.2525150775909426,"orthographic":false}