{"cameraMode":{"drawMode":0,"name":"Shaded","section":"Shading Mode"},"sceneLighting":false,"audioPlay":false,"sceneViewState":{"showFog":true,"showMaterialUpdate":false,"showSkybox":true,"showFlares":true,"showImageEffects":true,"showParticleSystems":true},"in2DMode":false,"pivot":{"x":640.8225708007813,"y":359.6694641113281,"z":0.0},"rotation":{"x":-0.029351118952035905,"y":-0.2652590572834015,"z":-0.006460100412368774,"w":0.9639376401901245},"size":3.196110963821411,"orthographic":false}