{"cameraMode":{"drawMode":0,"name":"Shaded","section":"Shading Mode"},"sceneLighting":false,"audioPlay":false,"sceneViewState":{"showFog":true,"showMaterialUpdate":false,"showSkybox":true,"showFlares":true,"showImageEffects":true,"showParticleSystems":true},"in2DMode":false,"pivot":{"x":2.7304999828338625,"y":0.06327098608016968,"z":-3.7950000762939455},"rotation":{"x":0.5056371092796326,"y":0.20790274441242219,"z":-0.1269737333059311,"w":0.827674150466919},"size":0.9194096922874451,"orthographic":false}