{"cameraMode":{"drawMode":0,"name":"Shaded","section":"Shading Mode"},"sceneLighting":false,"audioPlay":false,"sceneViewState":{"showFog":true,"showMaterialUpdate":false,"showSkybox":true,"showFlares":true,"showImageEffects":true,"showParticleSystems":true},"in2DMode":false,"pivot":{"x":0.04279828444123268,"y":-0.5799999237060547,"z":-3.059999942779541},"rotation":{"x":0.054169971495866778,"y":-0.27610546350479128,"z":0.015594979748129845,"w":0.9595015048980713},"size":3.3020620346069338,"orthographic":false}