{"cameraMode":{"drawMode":0,"name":"Shaded","section":"Shading Mode"},"sceneLighting":false,"audioPlay":false,"sceneViewState":{"showFog":true,"showMaterialUpdate":false,"showSkybox":true,"showFlares":true,"showImageEffects":true,"showParticleSystems":true},"in2DMode":false,"pivot":{"x":25.49700164794922,"y":0.2319999635219574,"z":-7.814000129699707},"rotation":{"x":0.05976906791329384,"y":0.7778893709182739,"z":-0.07494314759969711,"w":0.6211416721343994},"size":2.3087918758392336,"orthographic":false}