{"cameraMode":{"drawMode":0,"name":"Shaded","section":"Shading Mode"},"sceneLighting":false,"audioPlay":false,"sceneViewState":{"showFog":true,"showMaterialUpdate":false,"showSkybox":true,"showFlares":true,"showImageEffects":true,"showParticleSystems":true},"in2DMode":false,"pivot":{"x":-2.9825000762939455,"y":0.06327098608016968,"z":5.2820000648498539},"rotation":{"x":-0.0902172327041626,"y":-0.11372335255146027,"z":0.010137646459043026,"w":-0.989457905292511},"size":0.9194096922874451,"orthographic":false}