{"cameraMode":{"drawMode":0,"name":"Shaded","section":"Shading Mode"},"sceneLighting":false,"audioPlay":false,"sceneViewState":{"showFog":true,"showMaterialUpdate":false,"showSkybox":true,"showFlares":true,"showImageEffects":true,"showParticleSystems":true},"in2DMode":false,"pivot":{"x":0.04279828444123268,"y":-0.5799999237060547,"z":-3.059999942779541},"rotation":{"x":-0.013555341400206089,"y":0.9457124471664429,"z":0.04037776589393616,"w":0.32254722714424136},"size":3.3020620346069338,"orthographic":false}