{"cameraMode":{"drawMode":0,"name":"Shaded","section":"Shading Mode"},"sceneLighting":false,"audioPlay":false,"sceneViewState":{"showFog":true,"showMaterialUpdate":false,"showSkybox":true,"showFlares":true,"showImageEffects":true,"showParticleSystems":true},"in2DMode":false,"pivot":{"x":3.725290298461914e-9,"y":0.0,"z":-3.725290298461914e-9},"rotation":{"x":0.01874055527150631,"y":0.2148687094449997,"z":0.0041243634186685089,"w":-0.9764593243598938},"size":3.3020620346069338,"orthographic":false}