{"cameraMode":{"drawMode":0,"name":"Shaded","section":"Shading Mode"},"sceneLighting":false,"audioPlay":false,"sceneViewState":{"showFog":true,"showMaterialUpdate":false,"showSkybox":true,"showFlares":true,"showImageEffects":true,"showParticleSystems":true},"in2DMode":false,"pivot":{"x":4.017768383026123,"y":8.370386123657227,"z":3.6967008113861086},"rotation":{"x":0.6509382128715515,"y":-0.04626524820923805,"z":0.03986147418618202,"w":0.7567158937454224},"size":5.044907569885254,"orthographic":false}