{"cameraMode":{"drawMode":0,"name":"Shaded","section":"Shading Mode"},"sceneLighting":false,"audioPlay":false,"sceneViewState":{"showFog":true,"showMaterialUpdate":false,"showSkybox":true,"showFlares":true,"showImageEffects":true,"showParticleSystems":true},"in2DMode":false,"pivot":{"x":-0.6660000085830689,"y":-2.058000087738037,"z":3.8399999141693117},"rotation":{"x":-0.013996499590575695,"y":0.21806567907333375,"z":-0.0033972833771258594,"w":-0.9759104251861572},"size":0.7859182357788086,"orthographic":false}