{"cameraMode":{"drawMode":0,"name":"Shaded","section":"Shading Mode"},"sceneLighting":false,"audioPlay":false,"sceneViewState":{"showFog":true,"showMaterialUpdate":false,"showSkybox":true,"showFlares":true,"showImageEffects":true,"showParticleSystems":true},"in2DMode":false,"pivot":{"x":0.09920558333396912,"y":0.13991901278495789,"z":0.007515370845794678},"rotation":{"x":-0.04079844802618027,"y":-0.0009022854501381516,"z":0.00003728198498720303,"w":-0.9991710782051086},"size":0.285788357257843,"orthographic":false}