{"cameraMode":{"drawMode":0,"name":"Shaded","section":"Shading Mode"},"sceneLighting":false,"audioPlay":false,"sceneViewState":{"showFog":true,"showMaterialUpdate":false,"showSkybox":true,"showFlares":true,"showImageEffects":true,"showParticleSystems":true},"in2DMode":false,"pivot":{"x":1.4461841583251954,"y":0.6550449132919312,"z":-2.34175181388855},"rotation":{"x":-0.0372103713452816,"y":0.17322376370429994,"z":-0.0066955722868442539,"w":-0.9842588901519775},"size":0.30206233263015749,"orthographic":false}