{"cameraMode":{"drawMode":0,"name":"Shaded","section":"Shading Mode"},"sceneLighting":false,"audioPlay":false,"sceneViewState":{"showFog":true,"showMaterialUpdate":false,"showSkybox":true,"showFlares":true,"showImageEffects":true,"showParticleSystems":true},"in2DMode":false,"pivot":{"x":0.2500000298023224,"y":-0.00034812092781066895,"z":-0.2500000298023224},"rotation":{"x":-0.03490355238318443,"y":0.7738273739814758,"z":0.04271840676665306,"w":0.6310843229293823},"size":1.5768965482711793,"orthographic":false}