{"cameraMode":{"drawMode":0,"name":"Shaded","section":"Shading Mode"},"sceneLighting":false,"audioPlay":false,"sceneViewState":{"showFog":true,"showMaterialUpdate":false,"showSkybox":true,"showFlares":true,"showImageEffects":true,"showParticleSystems":true},"in2DMode":false,"pivot":{"x":0.792724609375,"y":-2.421532392501831,"z":-8.000393867492676},"rotation":{"x":-0.03490355238318443,"y":0.7738273739814758,"z":0.04271840676665306,"w":0.6310843229293823},"size":18.069114685058595,"orthographic":false}