{"cameraMode":{"drawMode":0,"name":"Shaded","section":"Shading Mode"},"sceneLighting":false,"audioPlay":false,"sceneViewState":{"showFog":true,"showMaterialUpdate":false,"showSkybox":true,"showFlares":true,"showImageEffects":true,"showParticleSystems":true},"in2DMode":false,"pivot":{"x":-0.14659595489501954,"y":0.1682070791721344,"z":0.6535089612007141},"rotation":{"x":0.0911642536520958,"y":0.35632747411727908,"z":-0.03502417355775833,"w":0.9293067455291748},"size":1.3261727094650269,"orthographic":false}