{"cameraMode":{"drawMode":0,"name":"Shaded","section":"Shading Mode"},"sceneLighting":false,"audioPlay":false,"sceneViewState":{"showFog":true,"showMaterialUpdate":false,"showSkybox":true,"showFlares":true,"showImageEffects":true,"showParticleSystems":true},"in2DMode":false,"pivot":{"x":-0.00040853023529052734,"y":-0.6899404525756836,"z":2.308852434158325},"rotation":{"x":-0.006419134326279163,"y":-0.9842073321342468,"z":0.1733192503452301,"w":-0.03681257367134094},"size":4.053403854370117,"orthographic":false}