{"cameraMode":{"drawMode":0,"name":"Shaded","section":"Shading Mode"},"sceneLighting":false,"audioPlay":false,"sceneViewState":{"showFog":true,"showMaterialUpdate":false,"showSkybox":true,"showFlares":true,"showImageEffects":true,"showParticleSystems":true},"in2DMode":false,"pivot":{"x":4.6846208572387699,"y":1.295348048210144,"z":9.050837516784668},"rotation":{"x":0.10155107825994492,"y":0.1058911383152008,"z":-0.010939626954495907,"w":0.9891788363456726},"size":2.8332130908966066,"orthographic":false}