{"cameraMode":{"drawMode":0,"name":"Shaded","section":"Shading Mode"},"sceneLighting":false,"audioPlay":false,"sceneViewState":{"showFog":true,"showMaterialUpdate":false,"showSkybox":true,"showFlares":true,"showImageEffects":true,"showParticleSystems":true},"in2DMode":false,"pivot":{"x":-2.9825000762939455,"y":0.06327098608016968,"z":5.2820000648498539},"rotation":{"x":0.10155107825994492,"y":0.1058911383152008,"z":-0.010939626954495907,"w":0.9891788363456726},"size":0.9194096922874451,"orthographic":false}